[
  {
    "company_name": "RELIANCE RETIAL PVT LD",
    "contact_person": "John",
    "address1": "950 Shields Road",
    "address2": "Tyne And Wear",
    "phone": "+91 62385 05192",
    "email": "kiranshankara.p@gmail.com",
    "gst": "5855684445",
    "industry": "AUTOMATION",
    "scope": "Domestic"
  },
  {
    "company_name": "TATA STEEL PVT LTD",
    "contact_person": "GEORGE",
    "address1": "KR PURAM EXTENSION ROAD",
    "address2": "BANGLORE",
    "phone": "8547728600",
    "email": "kichushankar79@gmail.com",
    "gst": "2662662GGG",
    "industry": "AUTOMATION",
    "scope": "Domestic"
  },
  {
    "company_name": "ROBOCRAZE",
    "contact_person": "ANGELINA",
    "address1": "KANNUR,KERALA",
    "address2": "INDIA, ASIA",
    "phone": "7738838838",
    "email": "23iota08@kristujayanti.com",
    "gst": "6636TGBBB",
    "industry": "AUTOMATION",
    "scope": "Domestic"
  }
]