[
  {
    "project_id": "CAPL/25/0001",
    "customer": "RELIANCE",
    "description": "hmi interior part design",
    "stage": "Approve",
    "closure_reason": "",
    "created_at": "2025-06-27T11:29:37.111873"
  },
  {
    "project_id": "CAPL/25/0002",
    "customer": "RELIANCE",
    "description": "hmi interior design",
    "stage": "Reject",
    "closure_reason": "not good",
    "created_at": "2025-06-27T11:30:34.365931"
  },
  {
    "project_id": "CAPL/25/0003",
    "customer": "RELIANCE RETIAL PVT LD",
    "description": "HHDHDHHDHDHDHHDHDHDHDHHD",
    "stage": "Approve",
    "closure_reason": "",
    "created_at": "2025-06-27T12:48:53.516587"
  }
]