{
  "Management": [
    "Managing Director",
    "Board of Directors"
  ],
  "SectionManager": [
    "General Manager",
    "Operational Manager"
  ],
  "DepartmentManager": [
    {
      "name": "Design Manager",
      "report_to": "Operational Manager"
    },
    {
      "name": "Controls Manager",
      "report_to": "Operational Manager"
    },
    {
      "name": "HR Manager",
      "report_to": "General Manager"
    }
  ],
  "EmployeeDesignations": [
    {
      "name": "Senior Designer",
      "report_to": "Controls Manager"
    },
    {
      "name": "Junior Designer",
      "report_to": "Design Manager"
    },
    {
      "name": "Technician",
      "report_to": "Controls Manager"
    },
    {
      "name": "Recruiter",
      "report_to": "HR Manager"
    },
    {
      "name": "Admin",
      "report_to": "HR Manager"
    }
  ],
  "Departments": [
    "Design",
    "Controls",
    "HR",
    "Admin"
  ]
}